detector,gender,n,anomaly_rate,mean_score
IF,Female,36440,0.04632272228320527,0.24153139359611175
IF,Male,31917,0.054203089262775325,0.24909610348606323
LOF,Female,36440,0.04871020856201976,0.001987106800990525
LOF,Male,31917,0.05147726916690165,0.0020363010515578126
OCSVM,Female,36440,0.04766739846322722,0.35186862296086263
OCSVM,Male,31917,0.05266785725475452,0.3584695192926159
DBSCAN,Female,36440,0.05773874862788145,0.007382467636003311
DBSCAN,Male,31917,0.06137794905536235,0.007502212035076593
